[{"model": "auth.user", "pk": 1, "fields": {"password": "pbkdf2_sha256$600000$0Z9DGinX8weS9aU7uCUwv6$rz497mmgOfLilrVH5yvRVwBJ/BhflFM4J3tCI4ul4P8=", "last_login": "2024-04-25T20:06:39.158Z", "is_superuser": true, "username": "hector", "first_name": "Hector", "last_name": "Vesproumis", "email": "hector.vesproumis@sciencespo.fr", "is_staff": true, "is_active": true, "date_joined": "2024-04-22T13:44:28.263Z", "groups": [], "user_permissions": []}}, {"model": "auth.user", "pk": 2, "fields": {"password": "pbkdf2_sha256$600000$e4hsW12pVQPQGdTYOJwPCN$MlJ1Y+N2f1CIBXJ2rABKhb66DkbL9QKxLTYAknxqlXo=", "last_login": "2024-04-23T08:24:56.114Z", "is_superuser": false, "username": "bb", "first_name": "barbie", "last_name": "chaite", "email": "", "is_staff": false, "is_active": true, "date_joined": "2024-04-22T13:46:57Z", "groups": [], "user_permissions": []}}, {"model": "auth.user", "pk": 3, "fields": {"password": "pbkdf2_sha256$600000$5IGHqIwSj3oYFezsHeUvdL$yRrNJBo8/fIahgGSOEWZ0qtAnxfAtWlBtBssvjPkp3M=", "last_login": "2024-04-23T12:28:03.129Z", "is_superuser": false, "username": "hv7522", "first_name": "Hector", "last_name": "Vesproumis", "email": "h.vesproumis@gmail.com", "is_staff": false, "is_active": true, "date_joined": "2024-04-22T13:47:36Z", "groups": [], "user_permissions": []}}, {"model": "auth.user", "pk": 4, "fields": {"password": "pbkdf2_sha256$600000$xEvWxwtkqi7OB8s1eBNlOf$zOuQWp29CxP5+zpxB8hfttcdQK0QOU1xCgGKXfjCr5E=", "last_login": "2024-04-23T18:08:31.122Z", "is_superuser": false, "username": "EXAMPLE", "first_name": "Ex", "last_name": "Ex", "email": "Ex@ex.fr", "is_staff": false, "is_active": true, "date_joined": "2024-04-23T17:40:22Z", "groups": [], "user_permissions": []}}, {"model": "auth.user", "pk": 5, "fields": {"password": "pbkdf2_sha256$600000$oZwPWCeuewynkXhouK6PIj$eh3aqsL2EW4Bbsc4G/VwNIcpGYcpq0wfR8z9BBPlVak=", "last_login": "2024-04-25T17:44:05.249Z", "is_superuser": false, "username": "TEST2323", "first_name": "Test23", "last_name": "Test232323", "email": "", "is_staff": false, "is_active": true, "date_joined": "2024-04-25T17:44:04.776Z", "groups": [], "user_permissions": []}}, {"model": "auth.user", "pk": 6, "fields": {"password": "pbkdf2_sha256$600000$VoQmJwVbcNPIjgtqngEs7Y$5oYIkeEfqTZDgMuj2Wx5tunmYqFOfmn++kZegFVTNKY=", "last_login": "2024-04-25T17:47:38.875Z", "is_superuser": false, "username": "TEST232323", "first_name": "Mise à jour", "last_name": "Mise à jour", "email": "h.vesproumis@gmail.com", "is_staff": false, "is_active": true, "date_joined": "2024-04-25T17:47:20.391Z", "groups": [], "user_permissions": []}}, {"model": "reservationsapp.gare", "pk": 1, "fields": {"ville": "Paris", "nomgare": "Montparnasse"}}, {"model": "reservationsapp.gare", "pk": 2, "fields": {"ville": "Paris", "nomgare": "Gare de l'Est"}}, {"model": "reservationsapp.gare", "pk": 3, "fields": {"ville": "Paris", "nomgare": "Gare du Nord"}}, {"model": "reservationsapp.gare", "pk": 4, "fields": {"ville": "Paris", "nomgare": "Gare Saint-Lazare"}}, {"model": "reservationsapp.gare", "pk": 5, "fields": {"ville": "Paris", "nomgare": "Gare d'Austerlitz"}}, {"model": "reservationsapp.gare", "pk": 6, "fields": {"ville": "Bordeaux", "nomgare": "Saint-Jean"}}, {"model": "reservationsapp.gare", "pk": 7, "fields": {"ville": "Toulouse", "nomgare": "Matabiau"}}, {"model": "reservationsapp.gare", "pk": 8, "fields": {"ville": "Marseille", "nomgare": "Saint-Charles"}}, {"model": "reservationsapp.gare", "pk": 9, "fields": {"ville": "Lille", "nomgare": "Europe"}}, {"model": "reservationsapp.gare", "pk": 10, "fields": {"ville": "Lyon", "nomgare": "Part-Dieu"}}, {"model": "reservationsapp.gare", "pk": 11, "fields": {"ville": "Nantes", "nomgare": ""}}, {"model": "reservationsapp.gare", "pk": 12, "fields": {"ville": "Strasbourg", "nomgare": ""}}, {"model": "reservationsapp.gare", "pk": 13, "fields": {"ville": "Nice", "nomgare": "Ville"}}, {"model": "reservationsapp.gare", "pk": 14, "fields": {"ville": "Montpellier", "nomgare": "Saint-Roch"}}, {"model": "reservationsapp.gare", "pk": 15, "fields": {"ville": "Grenoble", "nomgare": ""}}, {"model": "reservationsapp.gare", "pk": 16, "fields": {"ville": "Rennes", "nomgare": ""}}, {"model": "reservationsapp.gare", "pk": 17, "fields": {"ville": "Brest", "nomgare": ""}}, {"model": "reservationsapp.gare", "pk": 18, "fields": {"ville": "Le", "nomgare": "Mans"}}, {"model": "reservationsapp.gare", "pk": 19, "fields": {"ville": "Dijon", "nomgare": "Ville"}}, {"model": "reservationsapp.gare", "pk": 20, "fields": {"ville": "Mulhouse", "nomgare": "Ville"}}, {"model": "reservationsapp.gare", "pk": 21, "fields": {"ville": "Nîmes", "nomgare": ""}}, {"model": "reservationsapp.gare", "pk": 22, "fields": {"ville": "Annecy", "nomgare": ""}}, {"model": "reservationsapp.gare", "pk": 23, "fields": {"ville": "Perpignan", "nomgare": ""}}, {"model": "reservationsapp.gare", "pk": 24, "fields": {"ville": "Clermont-Ferrand", "nomgare": ""}}, {"model": "reservationsapp.gare", "pk": 25, "fields": {"ville": "Angers", "nomgare": "Saint-Laud"}}, {"model": "reservationsapp.gare", "pk": 26, "fields": {"ville": "Tours", "nomgare": ""}}, {"model": "reservationsapp.gare", "pk": 27, "fields": {"ville": "Metz", "nomgare": "Ville"}}, {"model": "reservationsapp.gare", "pk": 28, "fields": {"ville": "Besançon", "nomgare": "Viotte"}}, {"model": "reservationsapp.gare", "pk": 29, "fields": {"ville": "Reims", "nomgare": ""}}, {"model": "reservationsapp.client", "pk": 1, "fields": {"user": ["hv7522"], "first_name": "Hector", "last_name": "Vesproumis", "email": "h.vesproumis@gmail.com", "address": "3 allées Paul Sabatier"}}, {"model": "reservationsapp.client", "pk": 2, "fields": {"user": ["bb"], "first_name": "Jean-Jacques", "last_name": "Goldman", "email": "jjgg@gmail.com", "address": "Paris"}}, {"model": "reservationsapp.client", "pk": 3, "fields": {"user": ["hector"], "first_name": "Hector", "last_name": "Vesproumis", "email": "hector.vesproumis@sciencespo.fr", "address": "Entrez votre adresse"}}, {"model": "reservationsapp.client", "pk": 4, "fields": {"user": ["EXAMPLE"], "first_name": "Ex", "last_name": "Ex", "email": "Ex@ex.fr", "address": "24 rue des Mirabelles"}}, {"model": "reservationsapp.client", "pk": 5, "fields": {"user": ["TEST232323"], "first_name": "Mise à jour", "last_name": "Mise à jour", "email": "h.vesproumis@gmail.com", "address": "Entrez votre adresse"}}, {"model": "reservationsapp.passager", "pk": 1, "fields": {"user": ["hector"], "first_name": "Prénom", "last_name": "Noms", "date_of_birth": null}}, {"model": "reservationsapp.passager", "pk": 2, "fields": {"user": ["hector"], "first_name": "Hector", "last_name": "Vesproumis", "date_of_birth": "2002-01-05"}}, {"model": "reservationsapp.passager", "pk": 3, "fields": {"user": ["EXAMPLE"], "first_name": "Hectorrrr", "last_name": "Vesproumisss", "date_of_birth": "2002-01-05"}}, {"model": "reservationsapp.passager", "pk": 4, "fields": {"user": ["hector"], "first_name": "test4", "last_name": "Test4", "date_of_birth": "2002-08-09"}}, {"model": "reservationsapp.passager", "pk": 5, "fields": {"user": ["TEST232323"], "first_name": "TestPass", "last_name": "TestPass", "date_of_birth": "1987-08-08"}}, {"model": "reservationsapp.trajet", "pk": 1, "fields": {"depgare": 7, "arrgare": 15, "depdh": "2023-05-07T07:00:00Z", "arrdh": "2023-05-07T11:30:00Z"}}, {"model": "reservationsapp.trajet", "pk": 2, "fields": {"depgare": 29, "arrgare": 1, "depdh": "2023-05-05T05:00:00Z", "arrdh": "2023-05-05T09:45:00Z"}}, {"model": "reservationsapp.trajet", "pk": 3, "fields": {"depgare": 9, "arrgare": 11, "depdh": "2023-05-06T07:00:00Z", "arrdh": "2023-05-06T12:15:00Z"}}, {"model": "reservationsapp.trajet", "pk": 4, "fields": {"depgare": 11, "arrgare": 29, "depdh": "2023-05-07T20:15:00Z", "arrdh": "2023-05-08T01:00:00Z"}}, {"model": "reservationsapp.trajet", "pk": 5, "fields": {"depgare": 20, "arrgare": 18, "depdh": "2023-05-04T15:30:00Z", "arrdh": "2023-05-04T20:15:00Z"}}, {"model": "reservationsapp.trajet", "pk": 6, "fields": {"depgare": 27, "arrgare": 11, "depdh": "2023-05-06T10:45:00Z", "arrdh": "2023-05-06T16:00:00Z"}}, {"model": "reservationsapp.trajet", "pk": 7, "fields": {"depgare": 20, "arrgare": 18, "depdh": "2023-05-03T21:30:00Z", "arrdh": "2023-05-03T23:00:00Z"}}, {"model": "reservationsapp.trajet", "pk": 8, "fields": {"depgare": 25, "arrgare": 22, "depdh": "2023-05-01T02:30:00Z", "arrdh": "2023-05-01T03:30:00Z"}}, {"model": "reservationsapp.trajet", "pk": 9, "fields": {"depgare": 19, "arrgare": 9, "depdh": "2023-05-02T10:45:00Z", "arrdh": "2023-05-02T13:30:00Z"}}, {"model": "reservationsapp.trajet", "pk": 10, "fields": {"depgare": 14, "arrgare": 4, "depdh": "2023-05-04T10:00:00Z", "arrdh": "2023-05-04T11:30:00Z"}}, {"model": "reservationsapp.trajet", "pk": 11, "fields": {"depgare": 18, "arrgare": 6, "depdh": "2023-05-05T02:15:00Z", "arrdh": "2023-05-05T06:00:00Z"}}, {"model": "reservationsapp.trajet", "pk": 12, "fields": {"depgare": 29, "arrgare": 11, "depdh": "2023-05-03T07:45:00Z", "arrdh": "2023-05-03T10:45:00Z"}}, {"model": "reservationsapp.trajet", "pk": 13, "fields": {"depgare": 19, "arrgare": 8, "depdh": "2023-05-04T15:30:00Z", "arrdh": "2023-05-04T19:30:00Z"}}, {"model": "reservationsapp.trajet", "pk": 14, "fields": {"depgare": 25, "arrgare": 20, "depdh": "2023-05-02T10:30:00Z", "arrdh": "2023-05-02T14:15:00Z"}}, {"model": "reservationsapp.trajet", "pk": 15, "fields": {"depgare": 19, "arrgare": 14, "depdh": "2023-05-03T13:45:00Z", "arrdh": "2023-05-03T15:00:00Z"}}, {"model": "reservationsapp.trajet", "pk": 16, "fields": {"depgare": 3, "arrgare": 1, "depdh": "2023-05-03T14:00:00Z", "arrdh": "2023-05-03T16:30:00Z"}}, {"model": "reservationsapp.trajet", "pk": 17, "fields": {"depgare": 16, "arrgare": 13, "depdh": "2023-05-03T00:00:00Z", "arrdh": "2023-05-03T02:45:00Z"}}, {"model": "reservationsapp.trajet", "pk": 18, "fields": {"depgare": 2, "arrgare": 20, "depdh": "2023-05-02T13:15:00Z", "arrdh": "2023-05-02T18:15:00Z"}}, {"model": "reservationsapp.trajet", "pk": 19, "fields": {"depgare": 18, "arrgare": 8, "depdh": "2023-05-06T17:00:00Z", "arrdh": "2023-05-06T21:30:00Z"}}, {"model": "reservationsapp.trajet", "pk": 20, "fields": {"depgare": 3, "arrgare": 5, "depdh": "2023-05-02T15:30:00Z", "arrdh": "2023-05-02T17:15:00Z"}}, {"model": "reservationsapp.reservation", "pk": 1, "fields": {"dateresa": "2024-04-22", "if_number": "JGS8FD", "seat_number": 10, "car_number": 2, "trajet": 2, "passager": 2, "client": 1}}, {"model": "reservationsapp.reservation", "pk": 2, "fields": {"dateresa": "2024-04-23", "if_number": "582GI9", "seat_number": 1, "car_number": 1, "trajet": 2, "passager": 2, "client": 4}}, {"model": "reservationsapp.reservation", "pk": 3, "fields": {"dateresa": "2024-04-25", "if_number": "B9KPLI", "seat_number": 2, "car_number": 2, "trajet": 1, "passager": 1, "client": 3}}, {"model": "reservationsapp.reservation", "pk": 4, "fields": {"dateresa": "2024-04-25", "if_number": "NVLCXB", "seat_number": 1, "car_number": 1, "trajet": 2, "passager": 5, "client": 5}}, {"model": "reservationsapp.reservation", "pk": 5, "fields": {"dateresa": "2024-04-25", "if_number": "R0GCT4", "seat_number": 34, "car_number": 11, "trajet": 3, "passager": 2, "client": 3}}]